Channel Title,Channel Username,ID,Message,Date,Media Path
lobelia pharmacy and cosmetics,@lobelia4cosmetics,12411,"eucerin pigment control 
price 4500 birr 
telegram https://t.me/lobelia4cosmetics
msgğŸ‘‰ lobelia pharmacy and cosmetics 
â˜ï¸ call 0911562031/0911587703
adress:- infront of bole medhanialem high school 
open monday - monday from 8am until midnight áŠ¨áˆ°áŠ - áŠ¥áˆµáŠ¨ áˆ°áŠÂ  áŠ¨áŒ§á‰± 2:00 áˆµá‹“á‰µ - áŠ¥áˆµáŠ¨ áˆáˆ½á‰± 6:00 áˆ°á‹“á‰µ
ğŸğŸğŸ á‹¨á‰µáˆ«áŠ•áˆµá–áˆ­á‰µ áŠ áˆ›áˆ«áŒ­ áŠ¨70 - 200 á‰¥áˆ­
for delivery option fees are from 70 birr - 200 birr",2024-10-10 14:47:05+00:00,photos\@lobelia4cosmetics_12411.jpg
lobelia pharmacy and cosmetics,@lobelia4cosmetics,12410,"eucerin oil control 
price 4500 birr 
telegram https://t.me/lobelia4cosmetics
msgğŸ‘‰ lobelia pharmacy and cosmetics 
â˜ï¸ call 0911562031/0911587703
adress:- infront of bole medhanialem high school 
open monday - monday from 8am until midnight áŠ¨áˆ°áŠ - áŠ¥áˆµáŠ¨ áˆ°áŠÂ  áŠ¨áŒ§á‰± 2:00 áˆµá‹“á‰µ - áŠ¥áˆµáŠ¨ áˆáˆ½á‰± 6:00 áˆ°á‹“á‰µ
ğŸğŸğŸ á‹¨á‰µáˆ«áŠ•áˆµá–áˆ­á‰µ áŠ áˆ›áˆ«áŒ­ áŠ¨70 - 200 á‰¥áˆ­
for delivery option fees are from 70 birr - 200 birr",2024-10-10 14:47:05+00:00,photos\@lobelia4cosmetics_12410.jpg
lobelia pharmacy and cosmetics,@lobelia4cosmetics,12409,"neutrogena rapid tone repair 
price 3000 birr 
telegram https://t.me/lobelia4cosmetics
msgğŸ‘‰ lobelia pharmacy and cosmetics 
â˜ï¸ call 0911562031/0911587703
adress:- infront of bole medhanialem high school 
open monday - monday from 8am until midnight áŠ¨áˆ°áŠ - áŠ¥áˆµáŠ¨ áˆ°áŠÂ  áŠ¨áŒ§á‰± 2:00 áˆµá‹“á‰µ - áŠ¥áˆµáŠ¨ áˆáˆ½á‰± 6:00 áˆ°á‹“á‰µ
ğŸğŸğŸ á‹¨á‰µáˆ«áŠ•áˆµá–áˆ­á‰µ áŠ áˆ›áˆ«áŒ­ áŠ¨70 - 200 á‰¥áˆ­
for delivery option fees are from 70 birr - 200 birr",2024-10-10 14:47:05+00:00,photos\@lobelia4cosmetics_12409.jpg
lobelia pharmacy and cosmetics,@lobelia4cosmetics,12408,"neutrogena invisible daily  defense 
price 3500 birr 
telegram https://t.me/lobelia4cosmetics
msgğŸ‘‰ lobelia pharmacy and cosmetics 
â˜ï¸ call 0911562031/0911587703
adress:- infront of bole medhanialem high school 
open monday - monday from 8am until midnight áŠ¨áˆ°áŠ - áŠ¥áˆµáŠ¨ áˆ°áŠÂ  áŠ¨áŒ§á‰± 2:00 áˆµá‹“á‰µ - áŠ¥áˆµáŠ¨ áˆáˆ½á‰± 6:00 áˆ°á‹“á‰µ
ğŸğŸğŸ á‹¨á‰µáˆ«áŠ•áˆµá–áˆ­á‰µ áŠ áˆ›áˆ«áŒ­ áŠ¨70 - 200 á‰¥áˆ­
for delivery option fees are from 70 birr - 200 birr",2024-10-10 14:47:05+00:00,photos\@lobelia4cosmetics_12408.jpg
lobelia pharmacy and cosmetics,@lobelia4cosmetics,12407,"neutrogena retinol spf 30
price 4500 birr 
telegram https://t.me/lobelia4cosmetics
msgğŸ‘‰ lobelia pharmacy and cosmetics 
â˜ï¸ call 0911562031/0911587703
adress:- infront of bole medhanialem high school 
open monday - monday from 8am until midnight áŠ¨áˆ°áŠ - áŠ¥áˆµáŠ¨ áˆ°áŠÂ  áŠ¨áŒ§á‰± 2:00 áˆµá‹“á‰µ - áŠ¥áˆµáŠ¨ áˆáˆ½á‰± 6:00 áˆ°á‹“á‰µ
ğŸğŸğŸ á‹¨á‰µáˆ«áŠ•áˆµá–áˆ­á‰µ áŠ áˆ›áˆ«áŒ­ áŠ¨70 - 200 á‰¥áˆ­
for delivery option fees are from 70 birr - 200 birr",2024-10-10 14:47:05+00:00,photos\@lobelia4cosmetics_12407.jpg
lobelia pharmacy and cosmetics,@lobelia4cosmetics,12406,"neutrogena niacinamide serum 5500
price 5000 birr 
telegram https://t.me/lobelia4cosmetics
msgğŸ‘‰ lobelia pharmacy and cosmetics 
â˜ï¸ call 0911562031/0911587703
adress:- infront of bole medhanialem high school 
open monday - monday from 8am until midnight áŠ¨áˆ°áŠ - áŠ¥áˆµáŠ¨ áˆ°áŠÂ  áŠ¨áŒ§á‰± 2:00 áˆµá‹“á‰µ - áŠ¥áˆµáŠ¨ áˆáˆ½á‰± 6:00 áˆ°á‹“á‰µ
ğŸğŸğŸ á‹¨á‰µáˆ«áŠ•áˆµá–áˆ­á‰µ áŠ áˆ›áˆ«áŒ­ áŠ¨70 - 200 á‰¥áˆ­
for delivery option fees are from 70 birr - 200 birr",2024-10-10 14:47:05+00:00,photos\@lobelia4cosmetics_12406.jpg
lobelia pharmacy and cosmetics,@lobelia4cosmetics,12405,"olay complete moisturizer 
price 4000 birr 
telegram https://t.me/lobelia4cosmetics
msgğŸ‘‰ lobelia pharmacy and cosmetics 
â˜ï¸ call 0911562031/0911587703
adress:- infront of bole medhanialem high school 
open monday - monday from 8am until midnight áŠ¨áˆ°áŠ - áŠ¥áˆµáŠ¨ áˆ°áŠÂ  áŠ¨áŒ§á‰± 2:00 áˆµá‹“á‰µ - áŠ¥áˆµáŠ¨ áˆáˆ½á‰± 6:00 áˆ°á‹“á‰µ
ğŸğŸğŸ á‹¨á‰µáˆ«áŠ•áˆµá–áˆ­á‰µ áŠ áˆ›áˆ«áŒ­ áŠ¨70 - 200 á‰¥áˆ­
for delivery option fees are from 70 birr - 200 birr",2024-10-10 14:47:05+00:00,photos\@lobelia4cosmetics_12405.jpg
lobelia pharmacy and cosmetics,@lobelia4cosmetics,12404,"laroche bright reveal 
price 4500 birr 
telegram https://t.me/lobelia4cosmetics
msgğŸ‘‰ lobelia pharmacy and cosmetics 
â˜ï¸ call 0911562031/0911587703
adress:- infront of bole medhanialem high school 
open monday - monday from 8am until midnight áŠ¨áˆ°áŠ - áŠ¥áˆµáŠ¨ áˆ°áŠÂ  áŠ¨áŒ§á‰± 2:00 áˆµá‹“á‰µ - áŠ¥áˆµáŠ¨ áˆáˆ½á‰± 6:00 áˆ°á‹“á‰µ
ğŸğŸğŸ á‹¨á‰µáˆ«áŠ•áˆµá–áˆ­á‰µ áŠ áˆ›áˆ«áŒ­ áŠ¨70 - 200 á‰¥áˆ­
for delivery option fees are from 70 birr - 200 birr",2024-10-10 14:47:05+00:00,photos\@lobelia4cosmetics_12404.jpg
lobelia pharmacy and cosmetics,@lobelia4cosmetics,12403,"loreal collagen cream 
price 4000 birr 
telegram https://t.me/lobelia4cosmetics
msgğŸ‘‰ lobelia pharmacy and cosmetics 
â˜ï¸ call 0911562031/0911587703
adress:- infront of bole medhanialem high school 
open monday - monday from 8am until midnight áŠ¨áˆ°áŠ - áŠ¥áˆµáŠ¨ áˆ°áŠÂ  áŠ¨áŒ§á‰± 2:00 áˆµá‹“á‰µ - áŠ¥áˆµáŠ¨ áˆáˆ½á‰± 6:00 áˆ°á‹“á‰µ
ğŸğŸğŸ á‹¨á‰µáˆ«áŠ•áˆµá–áˆ­á‰µ áŠ áˆ›áˆ«áŒ­ áŠ¨70 - 200 á‰¥áˆ­
for delivery option fees are from 70 birr - 200 birr",2024-10-10 14:47:05+00:00,photos\@lobelia4cosmetics_12403.jpg
lobelia pharmacy and cosmetics,@lobelia4cosmetics,12402,"olay vitamin c cream 
price 4000 birr 
telegram https://t.me/lobelia4cosmetics
msgğŸ‘‰ lobelia pharmacy and cosmetics 
â˜ï¸ call 0911562031/0911587703
adress:- infront of bole medhanialem high school 
open monday - monday from 8am until midnight áŠ¨áˆ°áŠ - áŠ¥áˆµáŠ¨ áˆ°áŠÂ  áŠ¨áŒ§á‰± 2:00 áˆµá‹“á‰µ - áŠ¥áˆµáŠ¨ áˆáˆ½á‰± 6:00 áˆ°á‹“á‰µ
ğŸğŸğŸ á‹¨á‰µáˆ«áŠ•áˆµá–áˆ­á‰µ áŠ áˆ›áˆ«áŒ­ áŠ¨70 - 200 á‰¥áˆ­
for delivery option fees are from 70 birr - 200 birr",2024-10-10 14:47:05+00:00,photos\@lobelia4cosmetics_12402.jpg
